theme,pos,neg
minimalist aesthetic photography,stzE4Syskew,sDJcm_agS04
minimalist aesthetic photography,hdd_Wwku1cg,VkjtE9L7aO8
minimalist aesthetic photography,M-ojSEYUHFU,ZC9GARkO-po
minimalist aesthetic photography,gvCoiGy_-Co,QvGSoc7GTpE
minimalist aesthetic photography,UlC9bqvTTYA,uUUy1YnTcfQ
minimalist aesthetic photography,D61OY7pzr_Y,VkjtE9L7aO8
minimalist aesthetic photography,65vlhcLesH4,Ffh-cFQuNO8
minimalist aesthetic photography,c-Ot-d_-NSk,OBhrCdoB0oE
minimalist aesthetic photography,0B7ijYKaKcE,JqFa86z-hYs
minimalist aesthetic photography,k8p37-gUeAo,ZC9GARkO-po
minimalist aesthetic photography,2FshIx29IIs,hsscTvn6WlQ
minimalist aesthetic photography,okOyOb8xuYU,Ffh-cFQuNO8
minimalist aesthetic photography,ZhoSk8W4lt8,rVEZesuF65k
minimalist aesthetic photography,cDBDcfcwR1w,_CN1KWWjST0
minimalist aesthetic photography,Uxqlfigh6oE,e_LtMOCXjHw
vintage retro film photography,e_LtMOCXjHw,wIZpOCdTb8I
vintage retro film photography,QvGSoc7GTpE,R9OueKOtGGU
vintage retro film photography,eO85sKYgCFw,Trc3kWd20aQ
vintage retro film photography,XGHay9JDa-Q,oRJsHUlm63I
vintage retro film photography,XURBtkVVB68,cDLLSVxTpmg
vintage retro film photography,VkjtE9L7aO8,c-Ot-d_-NSk
vintage retro film photography,_ply1KEgfxk,g5z53Jd6caY
vintage retro film photography,bo1Eovy_pCE,117rfM1QnBQ
vintage retro film photography,hwxjswe4kx0,xr43RescWSA
vintage retro film photography,cYdqsYtPWu8,D61OY7pzr_Y
vintage retro film photography,F4Bx0318l7o,65vlhcLesH4
vintage retro film photography,vfAguUFUIgo,gvwI7qWdE1U
vintage retro film photography,uUUy1YnTcfQ,qRQqSChwolI
vintage retro film photography,V7qvh4fS7eQ,HstwCJX0jT4
vintage retro film photography,YHtK1ToJJbA,hsscTvn6WlQ
moody urban night photography,-Lp7uKt4Xl0,t9NKfs9ypbk
moody urban night photography,wuv1yZDZ2n8,OJX44QNO2Zg
moody urban night photography,Z0aBm6359Oo,HstwCJX0jT4
moody urban night photography,gvwI7qWdE1U,_ply1KEgfxk
moody urban night photography,ZC9GARkO-po,PLWh5i300DI
moody urban night photography,MJv31qXqSOU,XGHay9JDa-Q
moody urban night photography,wIZpOCdTb8I,ZhoSk8W4lt8
moody urban night photography,oRJsHUlm63I,XLQItBBnDRg
moody urban night photography,D6Bk1A3-gMA,tdhiUBgJCpg
moody urban night photography,AYS2sSAMyhc,okOyOb8xuYU
moody urban night photography,7Etv4iIeLqk,stzE4Syskew
moody urban night photography,cerNqjvmFgY,OJX44QNO2Zg
moody urban night photography,L7GdRgzKqpM,c-Ot-d_-NSk
moody urban night photography,023T4jyCRqA,ZhoSk8W4lt8
moody urban night photography,MCptVsXIsPg,c-Ot-d_-NSk
