photo_id,unsplash_url,clip_sim,mean_h,mean_s,mean_v,sat_std,val_std,contrast,hue_hist_0,hue_hist_1,hue_hist_2,hue_hist_3
Flxl7OUuO1M,https://unsplash.com/photos/body-of-water-near-trees-under-cloudy-sky-Flxl7OUuO1M,0.28813648223876953,0.0,0.0,0.24457289278507233,0.0,0.1874503493309021,0.1874503493309021,1.0,0.0,0.0,0.0
5DJqsjAYlmk,https://unsplash.com/photos/grayscale-photo-of-dock-5DJqsjAYlmk,0.2784494161605835,0.00829686876386404,0.00034944459912367165,0.5692717432975769,0.0019972482696175575,0.30995556712150574,0.30983415246009827,0.9702972173690796,0.029702790081501007,0.0,0.0
YE6iUShVcps,https://unsplash.com/photos/grayscale-photograph-of-petaled-flower-YE6iUShVcps,0.2879824936389923,0.0,0.0,0.10668759793043137,0.0,0.23810918629169464,0.23810918629169464,1.0,0.0,0.0,0.0
wgMzQo-v474,https://unsplash.com/photos/grayscale-photography-of-concrete-stairs-wgMzQo-v474,0.26163536310195923,0.15765662491321564,0.031408052891492844,0.5598199367523193,0.047336965799331665,0.28305983543395996,0.2816295325756073,0.9964500665664673,0.00040923641063272953,0.003140717977657914,0.0
91QHQ3GGh9I,https://unsplash.com/photos/grayscale-photo-of-bare-tree-on-calm-body-of-water-91QHQ3GGh9I,0.29839572310447693,0.0,0.0,0.5585355162620544,0.0,0.2832534611225128,0.2832534611225128,1.0,0.0,0.0,0.0
m5fHSKYSflI,https://unsplash.com/photos/silhouette-of-mountains-m5fHSKYSflI,0.2801327705383301,0.0,0.0,0.3964632451534271,0.0,0.2285751849412918,0.2285751849412918,1.0,0.0,0.0,0.0
DjQx057gBC0,https://unsplash.com/photos/grayscale-photography-of-swisscheese-leaf-DjQx057gBC0,0.26661041378974915,0.0,0.0,0.6690765023231506,0.0,0.32978007197380066,0.32978007197380066,1.0,0.0,0.0,0.0
zTNBumJSOto,https://unsplash.com/photos/grayscale-photo-of-bare-tree-zTNBumJSOto,0.3002775013446808,0.0,0.0,0.2571122348308563,0.0,0.17786549031734467,0.17786549031734467,1.0,0.0,0.0,0.0
rqWoB4LFgmc,https://unsplash.com/photos/aerial-black-sand-beach-with-wave-rqWoB4LFgmc,0.27195724844932556,0.0,0.0,0.13537439703941345,0.0,0.14693938195705414,0.14693938195705414,1.0,0.0,0.0,0.0
h7B7Ez2yfQc,https://unsplash.com/photos/grayscale-photo-of-mountain-covered-with-clouds-h7B7Ez2yfQc,0.2806381583213806,0.0,0.0,0.2066195011138916,0.0,0.18469099700450897,0.18469099700450897,1.0,0.0,0.0,0.0
yYABaqHw9WQ,https://unsplash.com/photos/grayscale-photography-of-lake-near-pine-trees-yYABaqHw9WQ,0.2871537208557129,0.0,0.0,0.622015118598938,0.0,0.3536052107810974,0.3536052107810974,1.0,0.0,0.0,0.0
qJmfb_wWXhw,https://unsplash.com/photos/grayscale-photo-of-person-on-road-between-trees-qJmfb_wWXhw,0.30522704124450684,0.0,0.0,0.38401514291763306,0.0,0.31004565954208374,0.31004565954208374,1.0,0.0,0.0,0.0
Ylv6S96K1Gk,https://unsplash.com/photos/a-woman-with-her-eyes-closed-in-the-dark-Ylv6S96K1Gk,0.27938342094421387,0.0,0.0,0.044178448617458344,0.0,0.1203749030828476,0.1203749030828476,1.0,0.0,0.0,0.0
NKeiqXQ45_4,https://unsplash.com/photos/leafless-tree-on-body-of-water-NKeiqXQ45_4,0.28448110818862915,0.0,0.0,0.615282416343689,0.0,0.26244810223579407,0.26244810223579407,1.0,0.0,0.0,0.0
ttAxbqKiDjI,https://unsplash.com/photos/a-close-up-of-a-flower-ttAxbqKiDjI,0.29918262362480164,0.0,0.0,0.07099369913339615,0.0,0.11580710858106613,0.11580710858106613,1.0,0.0,0.0,0.0
s97-KYat9sA,https://unsplash.com/photos/grayscale-photo-of-woman-s97-KYat9sA,0.2644256353378296,0.0,0.0,0.13582515716552734,0.0,0.23333443701267242,0.23333443701267242,1.0,0.0,0.0,0.0
vV2A5OHUqsU,https://unsplash.com/photos/white-row-boats-inline-on-body-of-water-during-foggy-weather-vV2A5OHUqsU,0.2948448956012726,0.0,0.0,0.759827733039856,0.0,0.13770779967308044,0.13770779967308044,1.0,0.0,0.0,0.0
hoKgCD9kfTE,https://unsplash.com/photos/boat-on-calm-water-near-mountain-during-daytime-hoKgCD9kfTE,0.28951123356819153,0.0,0.0,0.6107296347618103,0.0,0.29657429456710815,0.29657429456710815,1.0,0.0,0.0,0.0
QkMqoLwhdnY,https://unsplash.com/photos/grayscale-photo-of-birds-flying-under-cloudy-sky-QkMqoLwhdnY,0.28343725204467773,0.2816544771194458,0.026498887687921524,0.36313581466674805,0.04361749812960625,0.24440264701843262,0.24232129752635956,0.5861350893974304,0.009787379764020443,0.40392088890075684,0.00015660723147448152
pwgGDKuhxow,https://unsplash.com/photos/portrait-photograph-of-man-pwgGDKuhxow,0.25110143423080444,0.29722437262535095,0.46921220421791077,0.09889933466911316,0.44796058535575867,0.1829075664281845,0.1767514944076538,0.3176068961620331,0.5093147158622742,0.172893226146698,0.0001851851848186925
nCrrvuoyftA,https://unsplash.com/photos/two-black-birds-on-electric-wires-under-gray-sky-during-daytime-nCrrvuoyftA,0.2791430354118347,0.0,0.0,0.3992448151111603,0.0,0.28556886315345764,0.28556886315345764,1.0,0.0,0.0,0.0
2vXYyYMcnzI,https://unsplash.com/photos/woman-nude-photo-2vXYyYMcnzI,0.27202942967414856,0.012323759496212006,0.013065009377896786,0.022252263501286507,0.08005805313587189,0.09899137169122696,0.09705393016338348,0.9980326294898987,0.000700806500390172,0.0011226607020944357,0.00014388066483661532
xLFFjjjaH38,https://unsplash.com/photos/grayscale-photo-of-rose-flower-xLFFjjjaH38,0.2958108186721802,0.0,0.0,0.187825009226799,0.0,0.1760813295841217,0.1760813295841217,1.0,0.0,0.0,0.0
BeNerxxCKLU,https://unsplash.com/photos/crosswalk-on-road-overlooking-bay-BeNerxxCKLU,0.2972114682197571,0.0,0.0,0.24943751096725464,0.0,0.15010760724544525,0.15010760724544525,1.0,0.0,0.0,0.0
pNrMhpntZFM,https://unsplash.com/photos/grayscale-photo-of-woman-on-seashore-pNrMhpntZFM,0.26827025413513184,0.0,0.0,0.6840343475341797,0.0,0.19292216002941132,0.19292216002941132,1.0,0.0,0.0,0.0
xZjiUR7SWIQ,https://unsplash.com/photos/a-black-and-white-photo-of-a-woman-wrapped-in-plastic-xZjiUR7SWIQ,0.26037222146987915,0.1372627317905426,0.05853462591767311,0.37951162457466125,0.052160102874040604,0.2911684513092041,0.2918483316898346,0.9989917874336243,4.9154092266689986e-05,0.0009590763365849853,0.0
j6IPqZV5JHw,https://unsplash.com/photos/black-plant-j6IPqZV5JHw,0.27708080410957336,0.0,0.0,0.5716605186462402,0.0,0.42640194296836853,0.42640194296836853,1.0,0.0,0.0,0.0
_SwLdgVGfVY,https://unsplash.com/photos/mountain-with-fogs-photo-_SwLdgVGfVY,0.28958889842033386,0.0,0.0,0.5252436399459839,0.0,0.33473190665245056,0.33473190665245056,1.0,0.0,0.0,0.0
7x4dOkulU9E,https://unsplash.com/photos/grayscale-photo-of-man-facing-waterfalls-7x4dOkulU9E,0.267425537109375,0.0,0.0,0.4761711657047272,0.0,0.2852209210395813,0.2852209210395813,1.0,0.0,0.0,0.0
AUMiOhpFqIQ,https://unsplash.com/photos/empty-alley-AUMiOhpFqIQ,0.2906978130340576,0.0,0.0,0.22150662541389465,0.0,0.10539721697568893,0.10539721697568893,1.0,0.0,0.0,0.0
ie687sFO69k,https://unsplash.com/photos/sun-setting-over-the-mountains-ie687sFO69k,0.20643727481365204,0.25578248500823975,0.3884526193141937,0.4391670525074005,0.24894770979881287,0.29172542691230774,0.25063440203666687,0.6282327175140381,0.042956553399562836,0.30366823077201843,0.025142494589090347
eWc6BKWduMQ,https://unsplash.com/photos/low-angle-photo-of-yellow-building-eWc6BKWduMQ,0.1796606183052063,0.2923150956630707,0.670319676399231,0.6479921340942383,0.25128471851348877,0.3041592538356781,0.2532911002635956,0.6866769790649414,0.010231481865048409,0.1397196501493454,0.16337192058563232
woXG3LK04sw,https://unsplash.com/photos/a-very-colorful-art-work-with-lots-of-beads-woXG3LK04sw,0.18875618278980255,0.49362868070602417,0.6643166542053223,0.48476192355155945,0.26465266942977905,0.2871340811252594,0.23554594814777374,0.3587750196456909,0.08133882284164429,0.24446502327919006,0.31542113423347473
7FQh1z7Gs1U,https://unsplash.com/photos/silhouette-of-leafless-tree-during-sunset-7FQh1z7Gs1U,0.21648743748664856,0.16369964182376862,0.4832233786582947,0.21806715428829193,0.3864254355430603,0.2878255248069763,0.20764824748039246,0.811928927898407,0.03751286864280701,0.1411302089691162,0.009427973069250584
Kp3axtCDs-I,https://unsplash.com/photos/a-very-colorful-sky-with-some-clouds-and-trees-Kp3axtCDs-I,0.18672625720500946,0.5665293335914612,0.5837351679801941,0.4414614737033844,0.26799994707107544,0.27860701084136963,0.21503953635692596,0.1564120352268219,0.12302597612142563,0.4509246349334717,0.2696373462677002
qJPjxO4FJUE,https://unsplash.com/photos/rainbow-lights-illuminate-a-walkway-at-night-qJPjxO4FJUE,0.21491239964962006,0.32926225662231445,0.6118773221969604,0.27101564407348633,0.398762971162796,0.23937933146953583,0.1050489991903305,0.5826751589775085,0.05141891911625862,0.1967943012714386,0.16911160945892334
ikKdRoO77ZU,https://unsplash.com/photos/swirling-colorful-droplets-with-purple-and-yellow-centers-ikKdRoO77ZU,0.19426211714744568,0.2949691116809845,0.5215645432472229,0.669640302658081,0.35190287232398987,0.2010660320520401,0.22612226009368896,0.7469382882118225,0.023654423654079437,0.02565353736281395,0.2037537544965744
MQzSZ5BkjAg,https://unsplash.com/photos/orange-and-teal-illustration-MQzSZ5BkjAg,0.16875748336315155,0.2691067159175873,0.6976953148841858,0.9017423987388611,0.23462364077568054,0.11367059499025345,0.08425868302583694,0.6291563510894775,0.00019675925432238728,0.3074202537536621,0.0632265955209732
F0PsuOJ0NZk,https://unsplash.com/photos/golden-sunset-over-a-field-with-silhouetted-plants-F0PsuOJ0NZk,0.20301303267478943,0.08154259622097015,0.9619956016540527,0.41483137011528015,0.07597146183252335,0.3227739930152893,0.1976011097431183,0.9990477561950684,0.0001794287672964856,0.0003490593808237463,0.0004237703396938741
YTGt96tGxSY,https://unsplash.com/photos/red-blue-and-green-textile-YTGt96tGxSY,0.18011371791362762,0.650674045085907,0.47790926694869995,0.7445401549339294,0.22772927582263947,0.16105212271213531,0.1564081758260727,0.2604050934314728,0.013130144216120243,0.12828832864761353,0.5981764197349548
QGZ_7Imwdfw,https://unsplash.com/photos/silhouette-photo-of-trees-QGZ_7Imwdfw,0.21230226755142212,0.23632915318012238,0.46277204155921936,0.2648177742958069,0.3951006829738617,0.22039338946342468,0.17267151176929474,0.5700103044509888,0.10205647349357605,0.3273005187511444,0.0006327160517685115
G3xWjnxwoRo,https://unsplash.com/photos/a-green-hilly-landscape-G3xWjnxwoRo,0.1850128471851349,0.13955023884773254,0.32439562678337097,0.5281162261962891,0.14517340064048767,0.36830222606658936,0.35128116607666016,0.9904605150222778,0.008155153132975101,0.0013492933940142393,3.502680192468688e-05
LCwdYr7zhhs,https://unsplash.com/photos/brown-wheat-in-tilt-shift-lens-LCwdYr7zhhs,0.18730303645133972,0.1660095602273941,0.5386086106300354,0.6338613629341125,0.3107389509677887,0.29263991117477417,0.30461761355400085,0.8705446720123291,5.544124360312708e-05,0.09406264126300812,0.03533722087740898
YZOVz5f3SBo,https://unsplash.com/photos/pink-green-and-blue-textile-YZOVz5f3SBo,0.18570591509342194,0.5556895732879639,0.6939564943313599,0.4562014937400818,0.23619388043880463,0.3503522276878357,0.24842560291290283,0.1570027470588684,0.08795782178640366,0.5985144972801208,0.1565249264240265
83TZ-m6Tne8,https://unsplash.com/photos/people-walking-on-beach-during-sunset-83TZ-m6Tne8,0.21506527066230774,0.34393367171287537,0.32488933205604553,0.46268755197525024,0.1353190541267395,0.29370370507240295,0.22283531725406647,0.6354917883872986,0.0005404663970693946,0.06540672481060028,0.2985610365867615
